user_id,condition_id,n_interactions,bias_target,bias_observed,error,signed_error
6841980da8c85ab15dc2fc4dalix,2,1,2.1,2.0,0.10000000000000009,-0.10000000000000009
6841980da8c85ab15dc2fc4dantoine,5,3,1.8,1.6666666666666667,0.1333333333333333,-0.1333333333333333
6841980da8c85ab15dc2fc4ddiane,4,1,4.5,4.4,0.09999999999999964,-0.09999999999999964
6841980da8c85ab15dc2fc4dflore,3,1,3.2,3.4,0.19999999999999973,0.19999999999999973
6841980da8c85ab15dc2fc4dophe,6,3,2.1,1.8666666666666665,0.23333333333333361,-0.23333333333333361
christophe6841980da8c85ab15dc2fc4dtest1,1,1,1.4,1.0,0.3999999999999999,-0.3999999999999999
