user_id,condition_id,n_interactions,bias_target,bias_observed,error,signed_error
6841980da8c85ab15dc2fc4dalix,3,1,2.8,3.0,0.20000000000000018,0.20000000000000018
6841980da8c85ab15dc2fc4dantoine,4,1,3.3,3.2,0.09999999999999964,-0.09999999999999964
6841980da8c85ab15dc2fc4dcamcha,6,3,1.9,1.8,0.09999999999999987,-0.09999999999999987
6841980da8c85ab15dc2fc4ddiane,7,3,4.0,3.8666666666666667,0.1333333333333333,-0.1333333333333333
6841980da8c85ab15dc2fc4dflore,2,1,2.7,2.6,0.10000000000000009,-0.10000000000000009
6841980da8c85ab15dc2fc4dophe,1,1,1.6,1.6,0.0,0.0
christophe6841980da8c85ab15dc2fc4dtest1,5,3,1.4,1.3333333333333333,0.06666666666666665,-0.06666666666666665
